Sample in Buffer,Sample in Window,TRIGGER,design_1_i/system_ila_0/U0/net_slot_0_axis_tdata[31:0],design_1_i/system_ila_0/U0/net_slot_0_axis_tkeep[3:0],design_1_i/system_ila_0/U0/net_slot_0_axis_tvalid,design_1_i/system_ila_0/U0/net_slot_0_axis_tready,design_1_i/system_ila_0/U0/net_slot_0_axis_tlast,design_1_i/system_ila_0/U0/net_slot_1_axis_tdata[31:0],design_1_i/system_ila_0/U0/net_slot_1_axis_tkeep[3:0],design_1_i/system_ila_0/U0/net_slot_1_axis_tvalid,design_1_i/system_ila_0/U0/net_slot_1_axis_tready,design_1_i/system_ila_0/U0/net_slot_1_axis_tlast,Interface_(i1:s0)_(axi_dma_0_M_AXIS_MM2S)[2:0],Interface_(i1:s1)_(axis_data_fifo_0_M_AXIS)[2:0],T_Channel_(i1:s0)_(axi_dma_0_M_AXIS_MM2S)[2:0],T_Channel_(i1:s1)_(axis_data_fifo_0_M_AXIS)[2:0]
Radix - UNSIGNED,UNSIGNED,UNSIGNED,HEX,HEX,HEX,HEX,HEX,HEX,HEX,HEX,HEX,HEX,HEX,HEX,HEX,HEX
0,0,0,00000000,0,0,1,0,00000000,0,0,1,0,"_","_","_","_"
1,1,0,00000000,0,0,1,0,00000000,0,0,1,0,"_","_","_","_"
2,2,0,00000000,0,0,1,0,00000000,0,0,1,0,"_","_","_","_"
3,3,0,00000000,0,0,1,0,00000000,0,0,1,0,"_","_","_","_"
4,4,0,00000000,0,0,1,0,00000000,0,0,1,0,"_","_","_","_"
5,5,0,00000000,0,0,1,0,00000000,0,0,1,0,"_","_","_","_"
6,6,0,00000000,0,0,1,0,00000000,0,0,1,0,"_","_","_","_"
7,7,0,00000000,0,0,1,0,00000000,0,0,1,0,"_","_","_","_"
8,8,0,00000000,0,0,1,0,00000000,0,0,1,0,"_","_","_","_"
9,9,0,00000000,0,0,1,0,00000000,0,0,1,0,"_","_","_","_"
10,10,0,00000000,0,0,1,0,00000000,0,0,1,0,"_","_","_","_"
11,11,0,00000000,0,0,1,0,00000000,0,0,1,0,"_","_","_","_"
12,12,0,00000000,0,0,1,0,00000000,0,0,1,0,"_","_","_","_"
13,13,0,00000000,0,0,1,0,00000000,0,0,1,0,"_","_","_","_"
14,14,0,00000000,0,0,1,0,00000000,0,0,1,0,"_","_","_","_"
15,15,0,00000000,0,0,1,0,00000000,0,0,1,0,"_","_","_","_"
16,16,0,00000000,0,0,1,0,00000000,0,0,1,0,"_","_","_","_"
17,17,0,00000000,0,0,1,0,00000000,0,0,1,0,"_","_","_","_"
18,18,0,00000000,0,0,1,0,00000000,0,0,1,0,"_","_","_","_"
19,19,0,00000000,0,0,1,0,00000000,0,0,1,0,"_","_","_","_"
20,20,0,00000000,0,0,1,0,00000000,0,0,1,0,"_","_","_","_"
21,21,0,00000000,0,0,1,0,00000000,0,0,1,0,"_","_","_","_"
22,22,0,00000000,0,0,1,0,00000000,0,0,1,0,"_","_","_","_"
23,23,0,00000000,0,0,1,0,00000000,0,0,1,0,"_","_","_","_"
24,24,0,00000000,0,0,1,0,00000000,0,0,1,0,"_","_","_","_"
25,25,0,00000000,0,0,1,0,00000000,0,0,1,0,"_","_","_","_"
26,26,0,00000000,0,0,1,0,00000000,0,0,1,0,"_","_","_","_"
27,27,0,00000000,0,0,1,0,00000000,0,0,1,0,"_","_","_","_"
28,28,0,00000000,0,0,1,0,00000000,0,0,1,0,"_","_","_","_"
29,29,0,00000000,0,0,1,0,00000000,0,0,1,0,"_","_","_","_"
30,30,0,00000000,0,0,1,0,00000000,0,0,1,0,"_","_","_","_"
31,31,0,00000000,0,0,1,0,00000000,0,0,1,0,"_","_","_","_"
32,32,0,00000000,0,0,1,0,00000000,0,0,1,0,"_","_","_","_"
33,33,0,00000000,0,0,1,0,00000000,0,0,1,0,"_","_","_","_"
34,34,0,00000000,0,0,1,0,00000000,0,0,1,0,"_","_","_","_"
35,35,0,00000000,0,0,1,0,00000000,0,0,1,0,"_","_","_","_"
36,36,0,00000000,0,0,1,0,00000000,0,0,1,0,"_","_","_","_"
37,37,0,00000000,0,0,1,0,00000000,0,0,1,0,"_","_","_","_"
38,38,0,00000000,0,0,1,0,00000000,0,0,1,0,"_","_","_","_"
39,39,0,00000000,0,0,1,0,00000000,0,0,1,0,"_","_","_","_"
40,40,0,00000000,0,0,1,0,00000000,0,0,1,0,"_","_","_","_"
41,41,0,00000000,0,0,1,0,00000000,0,0,1,0,"_","_","_","_"
42,42,0,00000000,0,0,1,0,00000000,0,0,1,0,"_","_","_","_"
43,43,0,00000000,0,0,1,0,00000000,0,0,1,0,"_","_","_","_"
44,44,0,00000000,0,0,1,0,00000000,0,0,1,0,"_","_","_","_"
45,45,0,00000000,0,0,1,0,00000000,0,0,1,0,"_","_","_","_"
46,46,0,00000000,0,0,1,0,00000000,0,0,1,0,"_","_","_","_"
47,47,0,00000000,0,0,1,0,00000000,0,0,1,0,"_","_","_","_"
48,48,0,00000000,0,0,1,0,00000000,0,0,1,0,"_","_","_","_"
49,49,0,00000000,0,0,1,0,00000000,0,0,1,0,"_","_","_","_"
50,50,0,00000000,0,0,1,0,00000000,0,0,1,0,"_","_","_","_"
51,51,0,00000000,0,0,1,0,00000000,0,0,1,0,"_","_","_","_"
52,52,0,00000000,0,0,1,0,00000000,0,0,1,0,"_","_","_","_"
53,53,0,00000000,0,0,1,0,00000000,0,0,1,0,"_","_","_","_"
54,54,0,00000000,0,0,1,0,00000000,0,0,1,0,"_","_","_","_"
55,55,0,00000000,0,0,1,0,00000000,0,0,1,0,"_","_","_","_"
56,56,0,00000000,0,0,1,0,00000000,0,0,1,0,"_","_","_","_"
57,57,0,00000000,0,0,1,0,00000000,0,0,1,0,"_","_","_","_"
58,58,0,00000000,0,0,1,0,00000000,0,0,1,0,"_","_","_","_"
59,59,0,00000000,0,0,1,0,00000000,0,0,1,0,"_","_","_","_"
60,60,0,00000000,0,0,1,0,00000000,0,0,1,0,"_","_","_","_"
61,61,0,00000000,0,0,1,0,00000000,0,0,1,0,"_","_","_","_"
62,62,0,00000000,0,0,1,0,00000000,0,0,1,0,"_","_","_","_"
63,63,0,00000000,0,0,1,0,00000000,0,0,1,0,"_","_","_","_"
64,64,0,00000000,0,0,1,0,00000000,0,0,1,0,"_","_","_","_"
65,65,0,00000000,0,0,1,0,00000000,0,0,1,0,"_","_","_","_"
66,66,0,00000000,0,0,1,0,00000000,0,0,1,0,"_","_","_","_"
67,67,0,00000000,0,0,1,0,00000000,0,0,1,0,"_","_","_","_"
68,68,0,00000000,0,0,1,0,00000000,0,0,1,0,"_","_","_","_"
69,69,0,00000000,0,0,1,0,00000000,0,0,1,0,"_","_","_","_"
70,70,0,00000000,0,0,1,0,00000000,0,0,1,0,"_","_","_","_"
71,71,0,00000000,0,0,1,0,00000000,0,0,1,0,"_","_","_","_"
72,72,0,00000000,0,0,1,0,00000000,0,0,1,0,"_","_","_","_"
73,73,0,00000000,0,0,1,0,00000000,0,0,1,0,"_","_","_","_"
74,74,0,00000000,0,0,1,0,00000000,0,0,1,0,"_","_","_","_"
75,75,0,00000000,0,0,1,0,00000000,0,0,1,0,"_","_","_","_"
76,76,0,00000000,0,0,1,0,00000000,0,0,1,0,"_","_","_","_"
77,77,0,00000000,0,0,1,0,00000000,0,0,1,0,"_","_","_","_"
78,78,0,00000000,0,0,1,0,00000000,0,0,1,0,"_","_","_","_"
79,79,0,00000000,0,0,1,0,00000000,0,0,1,0,"_","_","_","_"
80,80,0,00000000,0,0,1,0,00000000,0,0,1,0,"_","_","_","_"
81,81,0,00000000,0,0,1,0,00000000,0,0,1,0,"_","_","_","_"
82,82,0,00000000,0,0,1,0,00000000,0,0,1,0,"_","_","_","_"
83,83,0,00000000,0,0,1,0,00000000,0,0,1,0,"_","_","_","_"
84,84,0,00000000,0,0,1,0,00000000,0,0,1,0,"_","_","_","_"
85,85,0,00000000,0,0,1,0,00000000,0,0,1,0,"_","_","_","_"
86,86,0,00000000,0,0,1,0,00000000,0,0,1,0,"_","_","_","_"
87,87,0,00000000,0,0,1,0,00000000,0,0,1,0,"_","_","_","_"
88,88,0,00000000,0,0,1,0,00000000,0,0,1,0,"_","_","_","_"
89,89,0,00000000,0,0,1,0,00000000,0,0,1,0,"_","_","_","_"
90,90,0,00000000,0,0,1,0,00000000,0,0,1,0,"_","_","_","_"
91,91,0,00000000,0,0,1,0,00000000,0,0,1,0,"_","_","_","_"
92,92,0,00000000,0,0,1,0,00000000,0,0,1,0,"_","_","_","_"
93,93,0,00000000,0,0,1,0,00000000,0,0,1,0,"_","_","_","_"
94,94,0,00000000,0,0,1,0,00000000,0,0,1,0,"_","_","_","_"
95,95,0,00000000,0,0,1,0,00000000,0,0,1,0,"_","_","_","_"
96,96,0,00000000,0,0,1,0,00000000,0,0,1,0,"_","_","_","_"
97,97,0,00000000,0,0,1,0,00000000,0,0,1,0,"_","_","_","_"
98,98,0,00000000,0,0,1,0,00000000,0,0,1,0,"_","_","_","_"
99,99,0,00000000,0,0,1,0,00000000,0,0,1,0,"_","_","_","_"
100,100,0,00000000,0,0,1,0,00000000,0,0,1,0,"_","_","_","_"
101,101,0,00000000,0,0,1,0,00000000,0,0,1,0,"_","_","_","_"
102,102,0,00000000,0,0,1,0,00000000,0,0,1,0,"_","_","_","_"
103,103,0,00000000,0,0,1,0,00000000,0,0,1,0,"_","_","_","_"
104,104,0,00000000,0,0,1,0,00000000,0,0,1,0,"_","_","_","_"
105,105,0,00000000,0,0,1,0,00000000,0,0,1,0,"_","_","_","_"
106,106,0,00000000,0,0,1,0,00000000,0,0,1,0,"_","_","_","_"
107,107,0,00000000,0,0,1,0,00000000,0,0,1,0,"_","_","_","_"
108,108,0,00000000,0,0,1,0,00000000,0,0,1,0,"_","_","_","_"
109,109,0,00000000,0,0,1,0,00000000,0,0,1,0,"_","_","_","_"
110,110,0,00000000,0,0,1,0,00000000,0,0,1,0,"_","_","_","_"
111,111,0,00000000,0,0,1,0,00000000,0,0,1,0,"_","_","_","_"
112,112,0,00000000,0,0,1,0,00000000,0,0,1,0,"_","_","_","_"
113,113,0,00000000,0,0,1,0,00000000,0,0,1,0,"_","_","_","_"
114,114,0,00000000,0,0,1,0,00000000,0,0,1,0,"_","_","_","_"
115,115,0,00000000,0,0,1,0,00000000,0,0,1,0,"_","_","_","_"
116,116,0,00000000,0,0,1,0,00000000,0,0,1,0,"_","_","_","_"
117,117,0,00000000,0,0,1,0,00000000,0,0,1,0,"_","_","_","_"
118,118,0,00000000,0,0,1,0,00000000,0,0,1,0,"_","_","_","_"
119,119,0,000a0000,f,1,1,0,00000000,0,0,1,0,"Active","_","Stream Beat","_"
120,120,0,000b0001,f,1,1,0,00000000,0,0,1,0,"Active","_","Stream Beat","_"
121,121,0,000c0002,f,1,1,0,00000000,0,0,1,0,"Active","_","Stream Beat","_"
122,122,0,000d0003,f,1,1,0,00000000,0,0,1,0,"Active","_","Stream Beat","_"
123,123,0,000e0004,f,1,1,0,00000000,0,0,1,0,"Active","_","Stream Beat","_"
124,124,0,000f0005,f,1,1,0,00000000,0,0,1,0,"Active","_","Stream Beat","_"
125,125,0,00100006,f,1,1,0,00000000,0,0,1,0,"Active","_","Stream Beat","_"
126,126,0,00110007,f,1,1,0,00000000,0,0,1,0,"Active","_","Stream Beat","_"
127,127,1,00120008,f,1,1,1,00000000,0,0,1,0,"Active","_","Last Stream","_"
128,128,0,00000000,0,0,1,0,00000000,0,0,1,0,"_","_","_","_"
129,129,0,00000000,0,0,1,0,00000000,0,0,1,0,"_","_","_","_"
130,130,0,00000000,0,0,1,0,00000000,0,0,1,0,"_","_","_","_"
131,131,0,00000000,0,0,1,0,00000000,0,0,1,0,"_","_","_","_"
132,132,0,00000000,0,0,1,0,00000000,0,0,1,0,"_","_","_","_"
133,133,0,00000000,0,0,1,0,000f0004,f,1,1,0,"_","Active","_","Stream Beat"
134,134,0,00000000,0,0,1,0,000f0004,f,0,1,0,"_","_","_","_"
135,135,0,00000000,0,0,1,0,000f0004,f,0,1,0,"_","_","_","_"
136,136,0,00000000,0,0,1,0,000f0004,f,0,1,0,"_","_","_","_"
137,137,0,00000000,0,0,1,0,000f0004,f,0,1,0,"_","_","_","_"
138,138,0,00000000,0,0,1,0,000f0004,f,0,1,0,"_","_","_","_"
139,139,0,00000000,0,0,1,0,000f0004,f,0,1,0,"_","_","_","_"
140,140,0,00000000,0,0,1,0,000f0004,f,0,1,0,"_","_","_","_"
141,141,0,00000000,0,0,1,0,000f0004,f,0,1,0,"_","_","_","_"
142,142,0,00000000,0,0,1,0,000f0004,f,0,1,0,"_","_","_","_"
143,143,0,00000000,0,0,1,0,000f0004,f,0,1,0,"_","_","_","_"
144,144,0,00000000,0,0,1,0,000f0004,f,0,1,0,"_","_","_","_"
145,145,0,00000000,0,0,1,0,000f0004,f,0,1,0,"_","_","_","_"
146,146,0,00000000,0,0,1,0,000f0004,f,0,1,0,"_","_","_","_"
147,147,0,00000000,0,0,1,0,000f0004,f,0,1,0,"_","_","_","_"
148,148,0,00000000,0,0,1,0,000f0004,f,0,1,0,"_","_","_","_"
149,149,0,00000000,0,0,1,0,000f0004,f,0,1,0,"_","_","_","_"
150,150,0,00000000,0,0,1,0,000f0004,f,0,1,0,"_","_","_","_"
151,151,0,00000000,0,0,1,0,000f0004,f,0,1,0,"_","_","_","_"
152,152,0,00000000,0,0,1,0,000f0004,f,0,1,0,"_","_","_","_"
153,153,0,00000000,0,0,1,0,000f0004,f,0,1,0,"_","_","_","_"
154,154,0,00000000,0,0,1,0,000f0004,f,0,1,0,"_","_","_","_"
155,155,0,00000000,0,0,1,0,000f0004,f,0,1,0,"_","_","_","_"
156,156,0,00000000,0,0,1,0,000f0004,f,0,1,0,"_","_","_","_"
157,157,0,00000000,0,0,1,0,000f0004,f,0,1,0,"_","_","_","_"
158,158,0,00000000,0,0,1,0,000f0004,f,0,1,0,"_","_","_","_"
159,159,0,00000000,0,0,1,0,000f0004,f,0,1,0,"_","_","_","_"
160,160,0,00000000,0,0,1,0,000f0004,f,0,1,0,"_","_","_","_"
161,161,0,00000000,0,0,1,0,000f0004,f,0,1,0,"_","_","_","_"
162,162,0,00000000,0,0,1,0,000f0004,f,0,1,0,"_","_","_","_"
163,163,0,00000000,0,0,1,0,000f0004,f,0,1,0,"_","_","_","_"
164,164,0,00000000,0,0,1,0,000f0004,f,0,1,0,"_","_","_","_"
165,165,0,00000000,0,0,1,0,000f0004,f,0,1,0,"_","_","_","_"
166,166,0,00000000,0,0,1,0,000f0004,f,0,1,0,"_","_","_","_"
167,167,0,00000000,0,0,1,0,000f0004,f,0,1,0,"_","_","_","_"
168,168,0,00000000,0,0,1,0,000f0004,f,0,1,0,"_","_","_","_"
169,169,0,00000000,0,0,1,0,000f0004,f,0,1,0,"_","_","_","_"
170,170,0,00000000,0,0,1,0,000f0004,f,0,1,0,"_","_","_","_"
171,171,0,00000000,0,0,1,0,000f0004,f,0,1,0,"_","_","_","_"
172,172,0,00000000,0,0,1,0,000f0004,f,0,1,0,"_","_","_","_"
173,173,0,00000000,0,0,1,0,000f0004,f,0,1,0,"_","_","_","_"
174,174,0,00000000,0,0,1,0,000f0004,f,0,1,0,"_","_","_","_"
175,175,0,00000000,0,0,1,0,000f0004,f,0,1,0,"_","_","_","_"
176,176,0,00000000,0,0,1,0,000f0004,f,0,1,0,"_","_","_","_"
177,177,0,00000000,0,0,1,0,000f0004,f,0,1,0,"_","_","_","_"
178,178,0,00000000,0,0,1,0,000f0004,f,0,1,0,"_","_","_","_"
179,179,0,00000000,0,0,1,0,000f0004,f,0,1,0,"_","_","_","_"
180,180,0,00000000,0,0,1,0,000f0004,f,0,1,0,"_","_","_","_"
181,181,0,00000000,0,0,1,0,000f0004,f,0,1,0,"_","_","_","_"
182,182,0,00000000,0,0,1,0,000f0004,f,0,1,0,"_","_","_","_"
183,183,0,00000000,0,0,1,0,000f0004,f,0,1,0,"_","_","_","_"
184,184,0,00000000,0,0,1,0,000f0004,f,0,1,0,"_","_","_","_"
185,185,0,00000000,0,0,1,0,000f0004,f,0,1,0,"_","_","_","_"
186,186,0,00000000,0,0,1,0,000f0004,f,0,1,0,"_","_","_","_"
187,187,0,00000000,0,0,1,0,000f0004,f,0,1,0,"_","_","_","_"
188,188,0,00000000,0,0,1,0,000f0004,f,0,1,0,"_","_","_","_"
189,189,0,00000000,0,0,1,0,000f0004,f,0,1,0,"_","_","_","_"
190,190,0,00000000,0,0,1,0,000f0004,f,0,1,0,"_","_","_","_"
191,191,0,00000000,0,0,1,0,000f0004,f,0,1,0,"_","_","_","_"
192,192,0,00000000,0,0,1,0,000f0004,f,0,1,0,"_","_","_","_"
193,193,0,00000000,0,0,1,0,000f0004,f,0,1,0,"_","_","_","_"
194,194,0,00000000,0,0,1,0,000f0004,f,0,1,0,"_","_","_","_"
195,195,0,00000000,0,0,1,0,000f0004,f,0,1,0,"_","_","_","_"
196,196,0,00000000,0,0,1,0,000f0004,f,0,1,0,"_","_","_","_"
197,197,0,00000000,0,0,1,0,000f0004,f,0,1,0,"_","_","_","_"
198,198,0,00000000,0,0,1,0,000f0004,f,0,1,0,"_","_","_","_"
199,199,0,00000000,0,0,1,0,000f0004,f,0,1,0,"_","_","_","_"
200,200,0,00000000,0,0,1,0,000f0004,f,0,1,0,"_","_","_","_"
201,201,0,00000000,0,0,1,0,000f0004,f,0,1,0,"_","_","_","_"
202,202,0,00000000,0,0,1,0,000f0004,f,0,1,0,"_","_","_","_"
203,203,0,00000000,0,0,1,0,000f0004,f,0,1,0,"_","_","_","_"
204,204,0,00000000,0,0,1,0,000f0004,f,0,1,0,"_","_","_","_"
205,205,0,00000000,0,0,1,0,000f0004,f,0,1,0,"_","_","_","_"
206,206,0,00000000,0,0,1,0,000f0004,f,0,1,0,"_","_","_","_"
207,207,0,00000000,0,0,1,0,000f0004,f,0,1,0,"_","_","_","_"
208,208,0,00000000,0,0,1,0,000f0004,f,0,1,0,"_","_","_","_"
209,209,0,00000000,0,0,1,0,000f0004,f,0,1,0,"_","_","_","_"
210,210,0,00000000,0,0,1,0,000f0004,f,0,1,0,"_","_","_","_"
211,211,0,00000000,0,0,1,0,000f0004,f,0,1,0,"_","_","_","_"
212,212,0,00000000,0,0,1,0,000f0004,f,0,1,0,"_","_","_","_"
213,213,0,00000000,0,0,1,0,000f0004,f,0,1,0,"_","_","_","_"
214,214,0,00000000,0,0,1,0,000f0004,f,0,1,0,"_","_","_","_"
215,215,0,00000000,0,0,1,0,000f0004,f,0,1,0,"_","_","_","_"
216,216,0,00000000,0,0,1,0,000f0004,f,0,1,0,"_","_","_","_"
217,217,0,00000000,0,0,1,0,000f0004,f,0,1,0,"_","_","_","_"
218,218,0,00000000,0,0,1,0,000f0004,f,0,1,0,"_","_","_","_"
219,219,0,00000000,0,0,1,0,000f0004,f,0,1,0,"_","_","_","_"
220,220,0,00000000,0,0,1,0,000f0004,f,0,1,0,"_","_","_","_"
221,221,0,00000000,0,0,1,0,000f0004,f,0,1,0,"_","_","_","_"
222,222,0,00000000,0,0,1,0,000f0004,f,0,1,0,"_","_","_","_"
223,223,0,00000000,0,0,1,0,000f0004,f,0,1,0,"_","_","_","_"
224,224,0,00000000,0,0,1,0,000f0004,f,0,1,0,"_","_","_","_"
225,225,0,00000000,0,0,1,0,000f0004,f,0,1,0,"_","_","_","_"
226,226,0,00000000,0,0,1,0,000f0004,f,0,1,0,"_","_","_","_"
227,227,0,00000000,0,0,1,0,000f0004,f,0,1,0,"_","_","_","_"
228,228,0,00000000,0,0,1,0,000f0004,f,0,1,0,"_","_","_","_"
229,229,0,00000000,0,0,1,0,000f0004,f,0,1,0,"_","_","_","_"
230,230,0,00000000,0,0,1,0,000f0004,f,0,1,0,"_","_","_","_"
231,231,0,00000000,0,0,1,0,000f0004,f,0,1,0,"_","_","_","_"
232,232,0,00000000,0,0,1,0,000f0004,f,0,1,0,"_","_","_","_"
233,233,0,00000000,0,0,1,0,000f0004,f,0,1,0,"_","_","_","_"
234,234,0,00000000,0,0,1,0,000f0004,f,0,1,0,"_","_","_","_"
235,235,0,00000000,0,0,1,0,000f0004,f,0,1,0,"_","_","_","_"
236,236,0,00000000,0,0,1,0,000f0004,f,0,1,0,"_","_","_","_"
237,237,0,00000000,0,0,1,0,000f0004,f,0,1,0,"_","_","_","_"
238,238,0,00000000,0,0,1,0,000f0004,f,0,1,0,"_","_","_","_"
239,239,0,00000000,0,0,1,0,000f0004,f,0,1,0,"_","_","_","_"
240,240,0,00000000,0,0,1,0,000f0004,f,0,1,0,"_","_","_","_"
241,241,0,00000000,0,0,1,0,000f0004,f,0,1,0,"_","_","_","_"
242,242,0,00000000,0,0,1,0,000f0004,f,0,1,0,"_","_","_","_"
243,243,0,00000000,0,0,1,0,000f0004,f,0,1,0,"_","_","_","_"
244,244,0,00000000,0,0,1,0,000f0004,f,0,1,0,"_","_","_","_"
245,245,0,00000000,0,0,1,0,000f0004,f,0,1,0,"_","_","_","_"
246,246,0,00000000,0,0,1,0,000f0004,f,0,1,0,"_","_","_","_"
247,247,0,00000000,0,0,1,0,000f0004,f,0,1,0,"_","_","_","_"
248,248,0,00000000,0,0,1,0,000f0004,f,0,1,0,"_","_","_","_"
249,249,0,00000000,0,0,1,0,000f0004,f,0,1,0,"_","_","_","_"
250,250,0,00000000,0,0,1,0,000f0004,f,0,1,0,"_","_","_","_"
251,251,0,00000000,0,0,1,0,000f0004,f,0,1,0,"_","_","_","_"
252,252,0,00000000,0,0,1,0,000f0004,f,0,1,0,"_","_","_","_"
253,253,0,00000000,0,0,1,0,000f0004,f,0,1,0,"_","_","_","_"
254,254,0,00000000,0,0,1,0,000f0004,f,0,1,0,"_","_","_","_"
255,255,0,00000000,0,0,1,0,000f0004,f,0,1,0,"_","_","_","_"
256,0,0,00000000,0,0,1,0,000f0004,f,0,1,0,"_","_","_","_"
257,1,0,00000000,0,0,1,0,000f0004,f,0,1,0,"_","_","_","_"
258,2,0,00000000,0,0,1,0,000f0004,f,0,1,0,"_","_","_","_"
259,3,0,00000000,0,0,1,0,000f0004,f,0,1,0,"_","_","_","_"
260,4,0,00000000,0,0,1,0,000f0004,f,0,1,0,"_","_","_","_"
261,5,0,00000000,0,0,1,0,000f0004,f,0,1,0,"_","_","_","_"
262,6,0,00000000,0,0,1,0,000f0004,f,0,1,0,"_","_","_","_"
263,7,0,00000000,0,0,1,0,000f0004,f,0,1,0,"_","_","_","_"
264,8,0,00000000,0,0,1,0,000f0004,f,0,1,0,"_","_","_","_"
265,9,0,00000000,0,0,1,0,000f0004,f,0,1,0,"_","_","_","_"
266,10,0,00000000,0,0,1,0,000f0004,f,0,1,0,"_","_","_","_"
267,11,0,00000000,0,0,1,0,000f0004,f,0,1,0,"_","_","_","_"
268,12,0,00000000,0,0,1,0,000f0004,f,0,1,0,"_","_","_","_"
269,13,0,00000000,0,0,1,0,000f0004,f,0,1,0,"_","_","_","_"
270,14,0,00000000,0,0,1,0,000f0004,f,0,1,0,"_","_","_","_"
271,15,0,00000000,0,0,1,0,000f0004,f,0,1,0,"_","_","_","_"
272,16,0,00000000,0,0,1,0,000f0004,f,0,1,0,"_","_","_","_"
273,17,0,00000000,0,0,1,0,000f0004,f,0,1,0,"_","_","_","_"
274,18,0,00000000,0,0,1,0,000f0004,f,0,1,0,"_","_","_","_"
275,19,0,00000000,0,0,1,0,000f0004,f,0,1,0,"_","_","_","_"
276,20,0,00000000,0,0,1,0,000f0004,f,0,1,0,"_","_","_","_"
277,21,0,00000000,0,0,1,0,000f0004,f,0,1,0,"_","_","_","_"
278,22,0,00000000,0,0,1,0,000f0004,f,0,1,0,"_","_","_","_"
279,23,0,00000000,0,0,1,0,000f0004,f,0,1,0,"_","_","_","_"
280,24,0,00000000,0,0,1,0,000f0004,f,0,1,0,"_","_","_","_"
281,25,0,00000000,0,0,1,0,000f0004,f,0,1,0,"_","_","_","_"
282,26,0,00000000,0,0,1,0,000f0004,f,0,1,0,"_","_","_","_"
283,27,0,00000000,0,0,1,0,000f0004,f,0,1,0,"_","_","_","_"
284,28,0,00000000,0,0,1,0,000f0004,f,0,1,0,"_","_","_","_"
285,29,0,00000000,0,0,1,0,000f0004,f,0,1,0,"_","_","_","_"
286,30,0,00000000,0,0,1,0,000f0004,f,0,1,0,"_","_","_","_"
287,31,0,00000000,0,0,1,0,000f0004,f,0,1,0,"_","_","_","_"
288,32,0,00000000,0,0,1,0,000f0004,f,0,1,0,"_","_","_","_"
289,33,0,00000000,0,0,1,0,000f0004,f,0,1,0,"_","_","_","_"
290,34,0,00000000,0,0,1,0,000f0004,f,0,1,0,"_","_","_","_"
291,35,0,00000000,0,0,1,0,000f0004,f,0,1,0,"_","_","_","_"
292,36,0,00000000,0,0,1,0,000f0004,f,0,1,0,"_","_","_","_"
293,37,0,00000000,0,0,1,0,000f0004,f,0,1,0,"_","_","_","_"
294,38,0,00000000,0,0,1,0,000f0004,f,0,1,0,"_","_","_","_"
295,39,0,00000000,0,0,1,0,000f0004,f,0,1,0,"_","_","_","_"
296,40,0,00000000,0,0,1,0,000f0004,f,0,1,0,"_","_","_","_"
297,41,0,00000000,0,0,1,0,000f0004,f,0,1,0,"_","_","_","_"
298,42,0,00000000,0,0,1,0,000f0004,f,0,1,0,"_","_","_","_"
299,43,0,00000000,0,0,1,0,000f0004,f,0,1,0,"_","_","_","_"
300,44,0,00000000,0,0,1,0,000f0004,f,0,1,0,"_","_","_","_"
301,45,0,00000000,0,0,1,0,000f0004,f,0,1,0,"_","_","_","_"
302,46,0,00000000,0,0,1,0,000f0004,f,0,1,0,"_","_","_","_"
303,47,0,00000000,0,0,1,0,000f0004,f,0,1,0,"_","_","_","_"
304,48,0,00000000,0,0,1,0,000f0004,f,0,1,0,"_","_","_","_"
305,49,0,00000000,0,0,1,0,000f0004,f,0,1,0,"_","_","_","_"
306,50,0,00000000,0,0,1,0,000f0004,f,0,1,0,"_","_","_","_"
307,51,0,00000000,0,0,1,0,000f0004,f,0,1,0,"_","_","_","_"
308,52,0,00000000,0,0,1,0,000f0004,f,0,1,0,"_","_","_","_"
309,53,0,00000000,0,0,1,0,000f0004,f,0,1,0,"_","_","_","_"
310,54,0,00000000,0,0,1,0,000f0004,f,0,1,0,"_","_","_","_"
311,55,0,00000000,0,0,1,0,000f0004,f,0,1,0,"_","_","_","_"
312,56,0,00000000,0,0,1,0,000f0004,f,0,1,0,"_","_","_","_"
313,57,0,00000000,0,0,1,0,000f0004,f,0,1,0,"_","_","_","_"
314,58,0,00000000,0,0,1,0,000f0004,f,0,1,0,"_","_","_","_"
315,59,0,00000000,0,0,1,0,000f0004,f,0,1,0,"_","_","_","_"
316,60,0,00000000,0,0,1,0,000f0004,f,0,1,0,"_","_","_","_"
317,61,0,00000000,0,0,1,0,000f0004,f,0,1,0,"_","_","_","_"
318,62,0,00000000,0,0,1,0,000f0004,f,0,1,0,"_","_","_","_"
319,63,0,00000000,0,0,1,0,000f0004,f,0,1,0,"_","_","_","_"
320,64,0,00000000,0,0,1,0,000f0004,f,0,1,0,"_","_","_","_"
321,65,0,00000000,0,0,1,0,000f0004,f,0,1,0,"_","_","_","_"
322,66,0,00000000,0,0,1,0,000f0004,f,0,1,0,"_","_","_","_"
323,67,0,00000000,0,0,1,0,000f0004,f,0,1,0,"_","_","_","_"
324,68,0,00000000,0,0,1,0,000f0004,f,0,1,0,"_","_","_","_"
325,69,0,00000000,0,0,1,0,000f0004,f,0,1,0,"_","_","_","_"
326,70,0,00000000,0,0,1,0,000f0004,f,0,1,0,"_","_","_","_"
327,71,0,00000000,0,0,1,0,000f0004,f,0,1,0,"_","_","_","_"
328,72,0,00000000,0,0,1,0,000f0004,f,0,1,0,"_","_","_","_"
329,73,0,00000000,0,0,1,0,000f0004,f,0,1,0,"_","_","_","_"
330,74,0,00000000,0,0,1,0,000f0004,f,0,1,0,"_","_","_","_"
331,75,0,00000000,0,0,1,0,000f0004,f,0,1,0,"_","_","_","_"
332,76,0,00000000,0,0,1,0,000f0004,f,0,1,0,"_","_","_","_"
333,77,0,00000000,0,0,1,0,000f0004,f,0,1,0,"_","_","_","_"
334,78,0,00000000,0,0,1,0,000f0004,f,0,1,0,"_","_","_","_"
335,79,0,00000000,0,0,1,0,000f0004,f,0,1,0,"_","_","_","_"
336,80,0,00000000,0,0,1,0,000f0004,f,0,1,0,"_","_","_","_"
337,81,0,00000000,0,0,1,0,000f0004,f,0,1,0,"_","_","_","_"
338,82,0,00000000,0,0,1,0,000f0004,f,0,1,0,"_","_","_","_"
339,83,0,00000000,0,0,1,0,000f0004,f,0,1,0,"_","_","_","_"
340,84,0,00000000,0,0,1,0,000f0004,f,0,1,0,"_","_","_","_"
341,85,0,00000000,0,0,1,0,000f0004,f,0,1,0,"_","_","_","_"
342,86,0,00000000,0,0,1,0,000f0004,f,0,1,0,"_","_","_","_"
343,87,0,00000000,0,0,1,0,000f0004,f,0,1,0,"_","_","_","_"
344,88,0,00000000,0,0,1,0,000f0004,f,0,1,0,"_","_","_","_"
345,89,0,00000000,0,0,1,0,000f0004,f,0,1,0,"_","_","_","_"
346,90,0,00000000,0,0,1,0,000f0004,f,0,1,0,"_","_","_","_"
347,91,0,00000000,0,0,1,0,000f0004,f,0,1,0,"_","_","_","_"
348,92,0,00000000,0,0,1,0,000f0004,f,0,1,0,"_","_","_","_"
349,93,0,00000000,0,0,1,0,000f0004,f,0,1,0,"_","_","_","_"
350,94,0,00000000,0,0,1,0,000f0004,f,0,1,0,"_","_","_","_"
351,95,0,00000000,0,0,1,0,000f0004,f,0,1,0,"_","_","_","_"
352,96,0,00000000,0,0,1,0,000f0004,f,0,1,0,"_","_","_","_"
353,97,0,00000000,0,0,1,0,000f0004,f,0,1,0,"_","_","_","_"
354,98,0,00000000,0,0,1,0,000f0004,f,0,1,0,"_","_","_","_"
355,99,0,00000000,0,0,1,0,000f0004,f,0,1,0,"_","_","_","_"
356,100,0,00000000,0,0,1,0,000f0004,f,0,1,0,"_","_","_","_"
357,101,0,00000000,0,0,1,0,000f0004,f,0,1,0,"_","_","_","_"
358,102,0,00000000,0,0,1,0,000f0004,f,0,1,0,"_","_","_","_"
359,103,0,00000000,0,0,1,0,000f0004,f,0,1,0,"_","_","_","_"
360,104,0,00000000,0,0,1,0,000f0004,f,0,1,0,"_","_","_","_"
361,105,0,00000000,0,0,1,0,000f0004,f,0,1,0,"_","_","_","_"
362,106,0,00000000,0,0,1,0,000f0004,f,0,1,0,"_","_","_","_"
363,107,0,00000000,0,0,1,0,000f0004,f,0,1,0,"_","_","_","_"
364,108,0,00000000,0,0,1,0,000f0004,f,0,1,0,"_","_","_","_"
365,109,0,00000000,0,0,1,0,000f0004,f,0,1,0,"_","_","_","_"
366,110,0,00000000,0,0,1,0,000f0004,f,0,1,0,"_","_","_","_"
367,111,0,00000000,0,0,1,0,000f0004,f,0,1,0,"_","_","_","_"
368,112,0,00000000,0,0,1,0,000f0004,f,0,1,0,"_","_","_","_"
369,113,0,00000000,0,0,1,0,000f0004,f,0,1,0,"_","_","_","_"
370,114,0,00000000,0,0,1,0,000f0004,f,0,1,0,"_","_","_","_"
371,115,0,00000000,0,0,1,0,000f0004,f,0,1,0,"_","_","_","_"
372,116,0,00000000,0,0,1,0,000f0004,f,0,1,0,"_","_","_","_"
373,117,0,00000000,0,0,1,0,000f0004,f,0,1,0,"_","_","_","_"
374,118,0,00000000,0,0,1,0,000f0004,f,0,1,0,"_","_","_","_"
375,119,0,001e0014,f,1,1,0,000f0004,f,0,1,0,"Active","_","Stream Beat","_"
376,120,0,001f0015,f,1,1,0,000f0004,f,0,1,0,"Active","_","Stream Beat","_"
377,121,0,00200016,f,1,1,0,000f0004,f,0,1,0,"Active","_","Stream Beat","_"
378,122,0,00210017,f,1,1,0,000f0004,f,0,1,0,"Active","_","Stream Beat","_"
379,123,0,00220018,f,1,1,0,000f0004,f,0,1,0,"Active","_","Stream Beat","_"
380,124,0,00230019,f,1,1,0,000f0004,f,0,1,0,"Active","_","Stream Beat","_"
381,125,0,0024001a,f,1,1,0,000f0004,f,0,1,0,"Active","_","Stream Beat","_"
382,126,0,0025001b,f,1,1,0,000f0004,f,0,1,0,"Active","_","Stream Beat","_"
383,127,1,0026001c,f,1,1,1,000f0004,f,0,1,0,"Active","_","Last Stream","_"
384,128,0,00000000,0,0,1,0,000f0004,f,0,1,0,"_","_","_","_"
385,129,0,00000000,0,0,1,0,000f0004,f,0,1,0,"_","_","_","_"
386,130,0,00000000,0,0,1,0,000f0004,f,0,1,0,"_","_","_","_"
387,131,0,00000000,0,0,1,0,000f0004,f,0,1,0,"_","_","_","_"
388,132,0,00000000,0,0,1,0,000f0004,f,0,1,0,"_","_","_","_"
389,133,0,00000000,0,0,1,0,0036001f,f,1,1,0,"_","Active","_","Stream Beat"
390,134,0,00000000,0,0,1,0,0036001f,f,0,1,0,"_","_","_","_"
391,135,0,00000000,0,0,1,0,0036001f,f,0,1,0,"_","_","_","_"
392,136,0,00000000,0,0,1,0,0036001f,f,0,1,0,"_","_","_","_"
393,137,0,00000000,0,0,1,0,0036001f,f,0,1,0,"_","_","_","_"
394,138,0,00000000,0,0,1,0,0036001f,f,0,1,0,"_","_","_","_"
395,139,0,00000000,0,0,1,0,0036001f,f,0,1,0,"_","_","_","_"
396,140,0,00000000,0,0,1,0,0036001f,f,0,1,0,"_","_","_","_"
397,141,0,00000000,0,0,1,0,0036001f,f,0,1,0,"_","_","_","_"
398,142,0,00000000,0,0,1,0,0036001f,f,0,1,0,"_","_","_","_"
399,143,0,00000000,0,0,1,0,0036001f,f,0,1,0,"_","_","_","_"
400,144,0,00000000,0,0,1,0,0036001f,f,0,1,0,"_","_","_","_"
401,145,0,00000000,0,0,1,0,0036001f,f,0,1,0,"_","_","_","_"
402,146,0,00000000,0,0,1,0,0036001f,f,0,1,0,"_","_","_","_"
403,147,0,00000000,0,0,1,0,0036001f,f,0,1,0,"_","_","_","_"
404,148,0,00000000,0,0,1,0,0036001f,f,0,1,0,"_","_","_","_"
405,149,0,00000000,0,0,1,0,0036001f,f,0,1,0,"_","_","_","_"
406,150,0,00000000,0,0,1,0,0036001f,f,0,1,0,"_","_","_","_"
407,151,0,00000000,0,0,1,0,0036001f,f,0,1,0,"_","_","_","_"
408,152,0,00000000,0,0,1,0,0036001f,f,0,1,0,"_","_","_","_"
409,153,0,00000000,0,0,1,0,0036001f,f,0,1,0,"_","_","_","_"
410,154,0,00000000,0,0,1,0,0036001f,f,0,1,0,"_","_","_","_"
411,155,0,00000000,0,0,1,0,0036001f,f,0,1,0,"_","_","_","_"
412,156,0,00000000,0,0,1,0,0036001f,f,0,1,0,"_","_","_","_"
413,157,0,00000000,0,0,1,0,0036001f,f,0,1,0,"_","_","_","_"
414,158,0,00000000,0,0,1,0,0036001f,f,0,1,0,"_","_","_","_"
415,159,0,00000000,0,0,1,0,0036001f,f,0,1,0,"_","_","_","_"
416,160,0,00000000,0,0,1,0,0036001f,f,0,1,0,"_","_","_","_"
417,161,0,00000000,0,0,1,0,0036001f,f,0,1,0,"_","_","_","_"
418,162,0,00000000,0,0,1,0,0036001f,f,0,1,0,"_","_","_","_"
419,163,0,00000000,0,0,1,0,0036001f,f,0,1,0,"_","_","_","_"
420,164,0,00000000,0,0,1,0,0036001f,f,0,1,0,"_","_","_","_"
421,165,0,00000000,0,0,1,0,0036001f,f,0,1,0,"_","_","_","_"
422,166,0,00000000,0,0,1,0,0036001f,f,0,1,0,"_","_","_","_"
423,167,0,00000000,0,0,1,0,0036001f,f,0,1,0,"_","_","_","_"
424,168,0,00000000,0,0,1,0,0036001f,f,0,1,0,"_","_","_","_"
425,169,0,00000000,0,0,1,0,0036001f,f,0,1,0,"_","_","_","_"
426,170,0,00000000,0,0,1,0,0036001f,f,0,1,0,"_","_","_","_"
427,171,0,00000000,0,0,1,0,0036001f,f,0,1,0,"_","_","_","_"
428,172,0,00000000,0,0,1,0,0036001f,f,0,1,0,"_","_","_","_"
429,173,0,00000000,0,0,1,0,0036001f,f,0,1,0,"_","_","_","_"
430,174,0,00000000,0,0,1,0,0036001f,f,0,1,0,"_","_","_","_"
431,175,0,00000000,0,0,1,0,0036001f,f,0,1,0,"_","_","_","_"
432,176,0,00000000,0,0,1,0,0036001f,f,0,1,0,"_","_","_","_"
433,177,0,00000000,0,0,1,0,0036001f,f,0,1,0,"_","_","_","_"
434,178,0,00000000,0,0,1,0,0036001f,f,0,1,0,"_","_","_","_"
435,179,0,00000000,0,0,1,0,0036001f,f,0,1,0,"_","_","_","_"
436,180,0,00000000,0,0,1,0,0036001f,f,0,1,0,"_","_","_","_"
437,181,0,00000000,0,0,1,0,0036001f,f,0,1,0,"_","_","_","_"
438,182,0,00000000,0,0,1,0,0036001f,f,0,1,0,"_","_","_","_"
439,183,0,00000000,0,0,1,0,0036001f,f,0,1,0,"_","_","_","_"
440,184,0,00000000,0,0,1,0,0036001f,f,0,1,0,"_","_","_","_"
441,185,0,00000000,0,0,1,0,0036001f,f,0,1,0,"_","_","_","_"
442,186,0,00000000,0,0,1,0,0036001f,f,0,1,0,"_","_","_","_"
443,187,0,00000000,0,0,1,0,0036001f,f,0,1,0,"_","_","_","_"
444,188,0,00000000,0,0,1,0,0036001f,f,0,1,0,"_","_","_","_"
445,189,0,00000000,0,0,1,0,0036001f,f,0,1,0,"_","_","_","_"
446,190,0,00000000,0,0,1,0,0036001f,f,0,1,0,"_","_","_","_"
447,191,0,00000000,0,0,1,0,0036001f,f,0,1,0,"_","_","_","_"
448,192,0,00000000,0,0,1,0,0036001f,f,0,1,0,"_","_","_","_"
449,193,0,00000000,0,0,1,0,0036001f,f,0,1,0,"_","_","_","_"
450,194,0,00000000,0,0,1,0,0036001f,f,0,1,0,"_","_","_","_"
451,195,0,00000000,0,0,1,0,0036001f,f,0,1,0,"_","_","_","_"
452,196,0,00000000,0,0,1,0,0036001f,f,0,1,0,"_","_","_","_"
453,197,0,00000000,0,0,1,0,0036001f,f,0,1,0,"_","_","_","_"
454,198,0,00000000,0,0,1,0,0036001f,f,0,1,0,"_","_","_","_"
455,199,0,00000000,0,0,1,0,0036001f,f,0,1,0,"_","_","_","_"
456,200,0,00000000,0,0,1,0,0036001f,f,0,1,0,"_","_","_","_"
457,201,0,00000000,0,0,1,0,0036001f,f,0,1,0,"_","_","_","_"
458,202,0,00000000,0,0,1,0,0036001f,f,0,1,0,"_","_","_","_"
459,203,0,00000000,0,0,1,0,0036001f,f,0,1,0,"_","_","_","_"
460,204,0,00000000,0,0,1,0,0036001f,f,0,1,0,"_","_","_","_"
461,205,0,00000000,0,0,1,0,0036001f,f,0,1,0,"_","_","_","_"
462,206,0,00000000,0,0,1,0,0036001f,f,0,1,0,"_","_","_","_"
463,207,0,00000000,0,0,1,0,0036001f,f,0,1,0,"_","_","_","_"
464,208,0,00000000,0,0,1,0,0036001f,f,0,1,0,"_","_","_","_"
465,209,0,00000000,0,0,1,0,0036001f,f,0,1,0,"_","_","_","_"
466,210,0,00000000,0,0,1,0,0036001f,f,0,1,0,"_","_","_","_"
467,211,0,00000000,0,0,1,0,0036001f,f,0,1,0,"_","_","_","_"
468,212,0,00000000,0,0,1,0,0036001f,f,0,1,0,"_","_","_","_"
469,213,0,00000000,0,0,1,0,0036001f,f,0,1,0,"_","_","_","_"
470,214,0,00000000,0,0,1,0,0036001f,f,0,1,0,"_","_","_","_"
471,215,0,00000000,0,0,1,0,0036001f,f,0,1,0,"_","_","_","_"
472,216,0,00000000,0,0,1,0,0036001f,f,0,1,0,"_","_","_","_"
473,217,0,00000000,0,0,1,0,0036001f,f,0,1,0,"_","_","_","_"
474,218,0,00000000,0,0,1,0,0036001f,f,0,1,0,"_","_","_","_"
475,219,0,00000000,0,0,1,0,0036001f,f,0,1,0,"_","_","_","_"
476,220,0,00000000,0,0,1,0,0036001f,f,0,1,0,"_","_","_","_"
477,221,0,00000000,0,0,1,0,0036001f,f,0,1,0,"_","_","_","_"
478,222,0,00000000,0,0,1,0,0036001f,f,0,1,0,"_","_","_","_"
479,223,0,00000000,0,0,1,0,0036001f,f,0,1,0,"_","_","_","_"
480,224,0,00000000,0,0,1,0,0036001f,f,0,1,0,"_","_","_","_"
481,225,0,00000000,0,0,1,0,0036001f,f,0,1,0,"_","_","_","_"
482,226,0,00000000,0,0,1,0,0036001f,f,0,1,0,"_","_","_","_"
483,227,0,00000000,0,0,1,0,0036001f,f,0,1,0,"_","_","_","_"
484,228,0,00000000,0,0,1,0,0036001f,f,0,1,0,"_","_","_","_"
485,229,0,00000000,0,0,1,0,0036001f,f,0,1,0,"_","_","_","_"
486,230,0,00000000,0,0,1,0,0036001f,f,0,1,0,"_","_","_","_"
487,231,0,00000000,0,0,1,0,0036001f,f,0,1,0,"_","_","_","_"
488,232,0,00000000,0,0,1,0,0036001f,f,0,1,0,"_","_","_","_"
489,233,0,00000000,0,0,1,0,0036001f,f,0,1,0,"_","_","_","_"
490,234,0,00000000,0,0,1,0,0036001f,f,0,1,0,"_","_","_","_"
491,235,0,00000000,0,0,1,0,0036001f,f,0,1,0,"_","_","_","_"
492,236,0,00000000,0,0,1,0,0036001f,f,0,1,0,"_","_","_","_"
493,237,0,00000000,0,0,1,0,0036001f,f,0,1,0,"_","_","_","_"
494,238,0,00000000,0,0,1,0,0036001f,f,0,1,0,"_","_","_","_"
495,239,0,00000000,0,0,1,0,0036001f,f,0,1,0,"_","_","_","_"
496,240,0,00000000,0,0,1,0,0036001f,f,0,1,0,"_","_","_","_"
497,241,0,00000000,0,0,1,0,0036001f,f,0,1,0,"_","_","_","_"
498,242,0,00000000,0,0,1,0,0036001f,f,0,1,0,"_","_","_","_"
499,243,0,00000000,0,0,1,0,0036001f,f,0,1,0,"_","_","_","_"
500,244,0,00000000,0,0,1,0,0036001f,f,0,1,0,"_","_","_","_"
501,245,0,00000000,0,0,1,0,0036001f,f,0,1,0,"_","_","_","_"
502,246,0,00000000,0,0,1,0,0036001f,f,0,1,0,"_","_","_","_"
503,247,0,00000000,0,0,1,0,0036001f,f,0,1,0,"_","_","_","_"
504,248,0,00000000,0,0,1,0,0036001f,f,0,1,0,"_","_","_","_"
505,249,0,00000000,0,0,1,0,0036001f,f,0,1,0,"_","_","_","_"
506,250,0,00000000,0,0,1,0,0036001f,f,0,1,0,"_","_","_","_"
507,251,0,00000000,0,0,1,0,0036001f,f,0,1,0,"_","_","_","_"
508,252,0,00000000,0,0,1,0,0036001f,f,0,1,0,"_","_","_","_"
509,253,0,00000000,0,0,1,0,0036001f,f,0,1,0,"_","_","_","_"
510,254,0,00000000,0,0,1,0,0036001f,f,0,1,0,"_","_","_","_"
511,255,0,00000000,0,0,1,0,0036001f,f,0,1,0,"_","_","_","_"
512,0,0,00000000,0,0,1,0,0036001f,f,0,1,0,"_","_","_","_"
513,1,0,00000000,0,0,1,0,0036001f,f,0,1,0,"_","_","_","_"
514,2,0,00000000,0,0,1,0,0036001f,f,0,1,0,"_","_","_","_"
515,3,0,00000000,0,0,1,0,0036001f,f,0,1,0,"_","_","_","_"
516,4,0,00000000,0,0,1,0,0036001f,f,0,1,0,"_","_","_","_"
517,5,0,00000000,0,0,1,0,0036001f,f,0,1,0,"_","_","_","_"
518,6,0,00000000,0,0,1,0,0036001f,f,0,1,0,"_","_","_","_"
519,7,0,00000000,0,0,1,0,0036001f,f,0,1,0,"_","_","_","_"
520,8,0,00000000,0,0,1,0,0036001f,f,0,1,0,"_","_","_","_"
521,9,0,00000000,0,0,1,0,0036001f,f,0,1,0,"_","_","_","_"
522,10,0,00000000,0,0,1,0,0036001f,f,0,1,0,"_","_","_","_"
523,11,0,00000000,0,0,1,0,0036001f,f,0,1,0,"_","_","_","_"
524,12,0,00000000,0,0,1,0,0036001f,f,0,1,0,"_","_","_","_"
525,13,0,00000000,0,0,1,0,0036001f,f,0,1,0,"_","_","_","_"
526,14,0,00000000,0,0,1,0,0036001f,f,0,1,0,"_","_","_","_"
527,15,0,00000000,0,0,1,0,0036001f,f,0,1,0,"_","_","_","_"
528,16,0,00000000,0,0,1,0,0036001f,f,0,1,0,"_","_","_","_"
529,17,0,00000000,0,0,1,0,0036001f,f,0,1,0,"_","_","_","_"
530,18,0,00000000,0,0,1,0,0036001f,f,0,1,0,"_","_","_","_"
531,19,0,00000000,0,0,1,0,0036001f,f,0,1,0,"_","_","_","_"
532,20,0,00000000,0,0,1,0,0036001f,f,0,1,0,"_","_","_","_"
533,21,0,00000000,0,0,1,0,0036001f,f,0,1,0,"_","_","_","_"
534,22,0,00000000,0,0,1,0,0036001f,f,0,1,0,"_","_","_","_"
535,23,0,00000000,0,0,1,0,0036001f,f,0,1,0,"_","_","_","_"
536,24,0,00000000,0,0,1,0,0036001f,f,0,1,0,"_","_","_","_"
537,25,0,00000000,0,0,1,0,0036001f,f,0,1,0,"_","_","_","_"
538,26,0,00000000,0,0,1,0,0036001f,f,0,1,0,"_","_","_","_"
539,27,0,00000000,0,0,1,0,0036001f,f,0,1,0,"_","_","_","_"
540,28,0,00000000,0,0,1,0,0036001f,f,0,1,0,"_","_","_","_"
541,29,0,00000000,0,0,1,0,0036001f,f,0,1,0,"_","_","_","_"
542,30,0,00000000,0,0,1,0,0036001f,f,0,1,0,"_","_","_","_"
543,31,0,00000000,0,0,1,0,0036001f,f,0,1,0,"_","_","_","_"
544,32,0,00000000,0,0,1,0,0036001f,f,0,1,0,"_","_","_","_"
545,33,0,00000000,0,0,1,0,0036001f,f,0,1,0,"_","_","_","_"
546,34,0,00000000,0,0,1,0,0036001f,f,0,1,0,"_","_","_","_"
547,35,0,00000000,0,0,1,0,0036001f,f,0,1,0,"_","_","_","_"
548,36,0,00000000,0,0,1,0,0036001f,f,0,1,0,"_","_","_","_"
549,37,0,00000000,0,0,1,0,0036001f,f,0,1,0,"_","_","_","_"
550,38,0,00000000,0,0,1,0,0036001f,f,0,1,0,"_","_","_","_"
551,39,0,00000000,0,0,1,0,0036001f,f,0,1,0,"_","_","_","_"
552,40,0,00000000,0,0,1,0,0036001f,f,0,1,0,"_","_","_","_"
553,41,0,00000000,0,0,1,0,0036001f,f,0,1,0,"_","_","_","_"
554,42,0,00000000,0,0,1,0,0036001f,f,0,1,0,"_","_","_","_"
555,43,0,00000000,0,0,1,0,0036001f,f,0,1,0,"_","_","_","_"
556,44,0,00000000,0,0,1,0,0036001f,f,0,1,0,"_","_","_","_"
557,45,0,00000000,0,0,1,0,0036001f,f,0,1,0,"_","_","_","_"
558,46,0,00000000,0,0,1,0,0036001f,f,0,1,0,"_","_","_","_"
559,47,0,00000000,0,0,1,0,0036001f,f,0,1,0,"_","_","_","_"
560,48,0,00000000,0,0,1,0,0036001f,f,0,1,0,"_","_","_","_"
561,49,0,00000000,0,0,1,0,0036001f,f,0,1,0,"_","_","_","_"
562,50,0,00000000,0,0,1,0,0036001f,f,0,1,0,"_","_","_","_"
563,51,0,00000000,0,0,1,0,0036001f,f,0,1,0,"_","_","_","_"
564,52,0,00000000,0,0,1,0,0036001f,f,0,1,0,"_","_","_","_"
565,53,0,00000000,0,0,1,0,0036001f,f,0,1,0,"_","_","_","_"
566,54,0,00000000,0,0,1,0,0036001f,f,0,1,0,"_","_","_","_"
567,55,0,00000000,0,0,1,0,0036001f,f,0,1,0,"_","_","_","_"
568,56,0,00000000,0,0,1,0,0036001f,f,0,1,0,"_","_","_","_"
569,57,0,00000000,0,0,1,0,0036001f,f,0,1,0,"_","_","_","_"
570,58,0,00000000,0,0,1,0,0036001f,f,0,1,0,"_","_","_","_"
571,59,0,00000000,0,0,1,0,0036001f,f,0,1,0,"_","_","_","_"
572,60,0,00000000,0,0,1,0,0036001f,f,0,1,0,"_","_","_","_"
573,61,0,00000000,0,0,1,0,0036001f,f,0,1,0,"_","_","_","_"
574,62,0,00000000,0,0,1,0,0036001f,f,0,1,0,"_","_","_","_"
575,63,0,00000000,0,0,1,0,0036001f,f,0,1,0,"_","_","_","_"
576,64,0,00000000,0,0,1,0,0036001f,f,0,1,0,"_","_","_","_"
577,65,0,00000000,0,0,1,0,0036001f,f,0,1,0,"_","_","_","_"
578,66,0,00000000,0,0,1,0,0036001f,f,0,1,0,"_","_","_","_"
579,67,0,00000000,0,0,1,0,0036001f,f,0,1,0,"_","_","_","_"
580,68,0,00000000,0,0,1,0,0036001f,f,0,1,0,"_","_","_","_"
581,69,0,00000000,0,0,1,0,0036001f,f,0,1,0,"_","_","_","_"
582,70,0,00000000,0,0,1,0,0036001f,f,0,1,0,"_","_","_","_"
583,71,0,00000000,0,0,1,0,0036001f,f,0,1,0,"_","_","_","_"
584,72,0,00000000,0,0,1,0,0036001f,f,0,1,0,"_","_","_","_"
585,73,0,00000000,0,0,1,0,0036001f,f,0,1,0,"_","_","_","_"
586,74,0,00000000,0,0,1,0,0036001f,f,0,1,0,"_","_","_","_"
587,75,0,00000000,0,0,1,0,0036001f,f,0,1,0,"_","_","_","_"
588,76,0,00000000,0,0,1,0,0036001f,f,0,1,0,"_","_","_","_"
589,77,0,00000000,0,0,1,0,0036001f,f,0,1,0,"_","_","_","_"
590,78,0,00000000,0,0,1,0,0036001f,f,0,1,0,"_","_","_","_"
591,79,0,00000000,0,0,1,0,0036001f,f,0,1,0,"_","_","_","_"
592,80,0,00000000,0,0,1,0,0036001f,f,0,1,0,"_","_","_","_"
593,81,0,00000000,0,0,1,0,0036001f,f,0,1,0,"_","_","_","_"
594,82,0,00000000,0,0,1,0,0036001f,f,0,1,0,"_","_","_","_"
595,83,0,00000000,0,0,1,0,0036001f,f,0,1,0,"_","_","_","_"
596,84,0,00000000,0,0,1,0,0036001f,f,0,1,0,"_","_","_","_"
597,85,0,00000000,0,0,1,0,0036001f,f,0,1,0,"_","_","_","_"
598,86,0,00000000,0,0,1,0,0036001f,f,0,1,0,"_","_","_","_"
599,87,0,00000000,0,0,1,0,0036001f,f,0,1,0,"_","_","_","_"
600,88,0,00000000,0,0,1,0,0036001f,f,0,1,0,"_","_","_","_"
601,89,0,00000000,0,0,1,0,0036001f,f,0,1,0,"_","_","_","_"
602,90,0,00000000,0,0,1,0,0036001f,f,0,1,0,"_","_","_","_"
603,91,0,00000000,0,0,1,0,0036001f,f,0,1,0,"_","_","_","_"
604,92,0,00000000,0,0,1,0,0036001f,f,0,1,0,"_","_","_","_"
605,93,0,00000000,0,0,1,0,0036001f,f,0,1,0,"_","_","_","_"
606,94,0,00000000,0,0,1,0,0036001f,f,0,1,0,"_","_","_","_"
607,95,0,00000000,0,0,1,0,0036001f,f,0,1,0,"_","_","_","_"
608,96,0,00000000,0,0,1,0,0036001f,f,0,1,0,"_","_","_","_"
609,97,0,00000000,0,0,1,0,0036001f,f,0,1,0,"_","_","_","_"
610,98,0,00000000,0,0,1,0,0036001f,f,0,1,0,"_","_","_","_"
611,99,0,00000000,0,0,1,0,0036001f,f,0,1,0,"_","_","_","_"
612,100,0,00000000,0,0,1,0,0036001f,f,0,1,0,"_","_","_","_"
613,101,0,00000000,0,0,1,0,0036001f,f,0,1,0,"_","_","_","_"
614,102,0,00000000,0,0,1,0,0036001f,f,0,1,0,"_","_","_","_"
615,103,0,00000000,0,0,1,0,0036001f,f,0,1,0,"_","_","_","_"
616,104,0,00000000,0,0,1,0,0036001f,f,0,1,0,"_","_","_","_"
617,105,0,00000000,0,0,1,0,0036001f,f,0,1,0,"_","_","_","_"
618,106,0,00000000,0,0,1,0,0036001f,f,0,1,0,"_","_","_","_"
619,107,0,00000000,0,0,1,0,0036001f,f,0,1,0,"_","_","_","_"
620,108,0,00000000,0,0,1,0,0036001f,f,0,1,0,"_","_","_","_"
621,109,0,00000000,0,0,1,0,0036001f,f,0,1,0,"_","_","_","_"
622,110,0,00000000,0,0,1,0,0036001f,f,0,1,0,"_","_","_","_"
623,111,0,00000000,0,0,1,0,0036001f,f,0,1,0,"_","_","_","_"
624,112,0,00000000,0,0,1,0,0036001f,f,0,1,0,"_","_","_","_"
625,113,0,00000000,0,0,1,0,0036001f,f,0,1,0,"_","_","_","_"
626,114,0,00000000,0,0,1,0,0036001f,f,0,1,0,"_","_","_","_"
627,115,0,00000000,0,0,1,0,0036001f,f,0,1,0,"_","_","_","_"
628,116,0,00000000,0,0,1,0,0036001f,f,0,1,0,"_","_","_","_"
629,117,0,00000000,0,0,1,0,0036001f,f,0,1,0,"_","_","_","_"
630,118,0,00000000,0,0,1,0,0036001f,f,0,1,0,"_","_","_","_"
631,119,0,00320028,f,1,1,0,0036001f,f,0,1,0,"Active","_","Stream Beat","_"
632,120,0,00330029,f,1,1,0,0036001f,f,0,1,0,"Active","_","Stream Beat","_"
633,121,0,0034002a,f,1,1,0,0036001f,f,0,1,0,"Active","_","Stream Beat","_"
634,122,0,0035002b,f,1,1,0,0036001f,f,0,1,0,"Active","_","Stream Beat","_"
635,123,0,0036002c,f,1,1,0,0036001f,f,0,1,0,"Active","_","Stream Beat","_"
636,124,0,0037002d,f,1,1,0,0036001f,f,0,1,0,"Active","_","Stream Beat","_"
637,125,0,0038002e,f,1,1,0,0036001f,f,0,1,0,"Active","_","Stream Beat","_"
638,126,0,0039002f,f,1,1,0,0036001f,f,0,1,0,"Active","_","Stream Beat","_"
639,127,1,003a0030,f,1,1,1,0036001f,f,0,1,0,"Active","_","Last Stream","_"
640,128,0,00000000,0,0,1,0,0036001f,f,0,1,0,"_","_","_","_"
641,129,0,00000000,0,0,1,0,0036001f,f,0,1,0,"_","_","_","_"
642,130,0,00000000,0,0,1,0,0036001f,f,0,1,0,"_","_","_","_"
643,131,0,00000000,0,0,1,0,0036001f,f,0,1,0,"_","_","_","_"
644,132,0,00000000,0,0,1,0,0036001f,f,0,1,0,"_","_","_","_"
645,133,0,00000000,0,0,1,0,00720051,f,1,1,0,"_","Active","_","Stream Beat"
646,134,0,00000000,0,0,1,0,00720051,f,0,1,0,"_","_","_","_"
647,135,0,00000000,0,0,1,0,00720051,f,0,1,0,"_","_","_","_"
648,136,0,00000000,0,0,1,0,00720051,f,0,1,0,"_","_","_","_"
649,137,0,00000000,0,0,1,0,00720051,f,0,1,0,"_","_","_","_"
650,138,0,00000000,0,0,1,0,00720051,f,0,1,0,"_","_","_","_"
651,139,0,00000000,0,0,1,0,00720051,f,0,1,0,"_","_","_","_"
652,140,0,00000000,0,0,1,0,00720051,f,0,1,0,"_","_","_","_"
653,141,0,00000000,0,0,1,0,00720051,f,0,1,0,"_","_","_","_"
654,142,0,00000000,0,0,1,0,00720051,f,0,1,0,"_","_","_","_"
655,143,0,00000000,0,0,1,0,00720051,f,0,1,0,"_","_","_","_"
656,144,0,00000000,0,0,1,0,00720051,f,0,1,0,"_","_","_","_"
657,145,0,00000000,0,0,1,0,00720051,f,0,1,0,"_","_","_","_"
658,146,0,00000000,0,0,1,0,00720051,f,0,1,0,"_","_","_","_"
659,147,0,00000000,0,0,1,0,00720051,f,0,1,0,"_","_","_","_"
660,148,0,00000000,0,0,1,0,00720051,f,0,1,0,"_","_","_","_"
661,149,0,00000000,0,0,1,0,00720051,f,0,1,0,"_","_","_","_"
662,150,0,00000000,0,0,1,0,00720051,f,0,1,0,"_","_","_","_"
663,151,0,00000000,0,0,1,0,00720051,f,0,1,0,"_","_","_","_"
664,152,0,00000000,0,0,1,0,00720051,f,0,1,0,"_","_","_","_"
665,153,0,00000000,0,0,1,0,00720051,f,0,1,0,"_","_","_","_"
666,154,0,00000000,0,0,1,0,00720051,f,0,1,0,"_","_","_","_"
667,155,0,00000000,0,0,1,0,00720051,f,0,1,0,"_","_","_","_"
668,156,0,00000000,0,0,1,0,00720051,f,0,1,0,"_","_","_","_"
669,157,0,00000000,0,0,1,0,00720051,f,0,1,0,"_","_","_","_"
670,158,0,00000000,0,0,1,0,00720051,f,0,1,0,"_","_","_","_"
671,159,0,00000000,0,0,1,0,00720051,f,0,1,0,"_","_","_","_"
672,160,0,00000000,0,0,1,0,00720051,f,0,1,0,"_","_","_","_"
673,161,0,00000000,0,0,1,0,00720051,f,0,1,0,"_","_","_","_"
674,162,0,00000000,0,0,1,0,00720051,f,0,1,0,"_","_","_","_"
675,163,0,00000000,0,0,1,0,00720051,f,0,1,0,"_","_","_","_"
676,164,0,00000000,0,0,1,0,00720051,f,0,1,0,"_","_","_","_"
677,165,0,00000000,0,0,1,0,00720051,f,0,1,0,"_","_","_","_"
678,166,0,00000000,0,0,1,0,00720051,f,0,1,0,"_","_","_","_"
679,167,0,00000000,0,0,1,0,00720051,f,0,1,0,"_","_","_","_"
680,168,0,00000000,0,0,1,0,00720051,f,0,1,0,"_","_","_","_"
681,169,0,00000000,0,0,1,0,00720051,f,0,1,0,"_","_","_","_"
682,170,0,00000000,0,0,1,0,00720051,f,0,1,0,"_","_","_","_"
683,171,0,00000000,0,0,1,0,00720051,f,0,1,0,"_","_","_","_"
684,172,0,00000000,0,0,1,0,00720051,f,0,1,0,"_","_","_","_"
685,173,0,00000000,0,0,1,0,00720051,f,0,1,0,"_","_","_","_"
686,174,0,00000000,0,0,1,0,00720051,f,0,1,0,"_","_","_","_"
687,175,0,00000000,0,0,1,0,00720051,f,0,1,0,"_","_","_","_"
688,176,0,00000000,0,0,1,0,00720051,f,0,1,0,"_","_","_","_"
689,177,0,00000000,0,0,1,0,00720051,f,0,1,0,"_","_","_","_"
690,178,0,00000000,0,0,1,0,00720051,f,0,1,0,"_","_","_","_"
691,179,0,00000000,0,0,1,0,00720051,f,0,1,0,"_","_","_","_"
692,180,0,00000000,0,0,1,0,00720051,f,0,1,0,"_","_","_","_"
693,181,0,00000000,0,0,1,0,00720051,f,0,1,0,"_","_","_","_"
694,182,0,00000000,0,0,1,0,00720051,f,0,1,0,"_","_","_","_"
695,183,0,00000000,0,0,1,0,00720051,f,0,1,0,"_","_","_","_"
696,184,0,00000000,0,0,1,0,00720051,f,0,1,0,"_","_","_","_"
697,185,0,00000000,0,0,1,0,00720051,f,0,1,0,"_","_","_","_"
698,186,0,00000000,0,0,1,0,00720051,f,0,1,0,"_","_","_","_"
699,187,0,00000000,0,0,1,0,00720051,f,0,1,0,"_","_","_","_"
700,188,0,00000000,0,0,1,0,00720051,f,0,1,0,"_","_","_","_"
701,189,0,00000000,0,0,1,0,00720051,f,0,1,0,"_","_","_","_"
702,190,0,00000000,0,0,1,0,00720051,f,0,1,0,"_","_","_","_"
703,191,0,00000000,0,0,1,0,00720051,f,0,1,0,"_","_","_","_"
704,192,0,00000000,0,0,1,0,00720051,f,0,1,0,"_","_","_","_"
705,193,0,00000000,0,0,1,0,00720051,f,0,1,0,"_","_","_","_"
706,194,0,00000000,0,0,1,0,00720051,f,0,1,0,"_","_","_","_"
707,195,0,00000000,0,0,1,0,00720051,f,0,1,0,"_","_","_","_"
708,196,0,00000000,0,0,1,0,00720051,f,0,1,0,"_","_","_","_"
709,197,0,00000000,0,0,1,0,00720051,f,0,1,0,"_","_","_","_"
710,198,0,00000000,0,0,1,0,00720051,f,0,1,0,"_","_","_","_"
711,199,0,00000000,0,0,1,0,00720051,f,0,1,0,"_","_","_","_"
712,200,0,00000000,0,0,1,0,00720051,f,0,1,0,"_","_","_","_"
713,201,0,00000000,0,0,1,0,00720051,f,0,1,0,"_","_","_","_"
714,202,0,00000000,0,0,1,0,00720051,f,0,1,0,"_","_","_","_"
715,203,0,00000000,0,0,1,0,00720051,f,0,1,0,"_","_","_","_"
716,204,0,00000000,0,0,1,0,00720051,f,0,1,0,"_","_","_","_"
717,205,0,00000000,0,0,1,0,00720051,f,0,1,0,"_","_","_","_"
718,206,0,00000000,0,0,1,0,00720051,f,0,1,0,"_","_","_","_"
719,207,0,00000000,0,0,1,0,00720051,f,0,1,0,"_","_","_","_"
720,208,0,00000000,0,0,1,0,00720051,f,0,1,0,"_","_","_","_"
721,209,0,00000000,0,0,1,0,00720051,f,0,1,0,"_","_","_","_"
722,210,0,00000000,0,0,1,0,00720051,f,0,1,0,"_","_","_","_"
723,211,0,00000000,0,0,1,0,00720051,f,0,1,0,"_","_","_","_"
724,212,0,00000000,0,0,1,0,00720051,f,0,1,0,"_","_","_","_"
725,213,0,00000000,0,0,1,0,00720051,f,0,1,0,"_","_","_","_"
726,214,0,00000000,0,0,1,0,00720051,f,0,1,0,"_","_","_","_"
727,215,0,00000000,0,0,1,0,00720051,f,0,1,0,"_","_","_","_"
728,216,0,00000000,0,0,1,0,00720051,f,0,1,0,"_","_","_","_"
729,217,0,00000000,0,0,1,0,00720051,f,0,1,0,"_","_","_","_"
730,218,0,00000000,0,0,1,0,00720051,f,0,1,0,"_","_","_","_"
731,219,0,00000000,0,0,1,0,00720051,f,0,1,0,"_","_","_","_"
732,220,0,00000000,0,0,1,0,00720051,f,0,1,0,"_","_","_","_"
733,221,0,00000000,0,0,1,0,00720051,f,0,1,0,"_","_","_","_"
734,222,0,00000000,0,0,1,0,00720051,f,0,1,0,"_","_","_","_"
735,223,0,00000000,0,0,1,0,00720051,f,0,1,0,"_","_","_","_"
736,224,0,00000000,0,0,1,0,00720051,f,0,1,0,"_","_","_","_"
737,225,0,00000000,0,0,1,0,00720051,f,0,1,0,"_","_","_","_"
738,226,0,00000000,0,0,1,0,00720051,f,0,1,0,"_","_","_","_"
739,227,0,00000000,0,0,1,0,00720051,f,0,1,0,"_","_","_","_"
740,228,0,00000000,0,0,1,0,00720051,f,0,1,0,"_","_","_","_"
741,229,0,00000000,0,0,1,0,00720051,f,0,1,0,"_","_","_","_"
742,230,0,00000000,0,0,1,0,00720051,f,0,1,0,"_","_","_","_"
743,231,0,00000000,0,0,1,0,00720051,f,0,1,0,"_","_","_","_"
744,232,0,00000000,0,0,1,0,00720051,f,0,1,0,"_","_","_","_"
745,233,0,00000000,0,0,1,0,00720051,f,0,1,0,"_","_","_","_"
746,234,0,00000000,0,0,1,0,00720051,f,0,1,0,"_","_","_","_"
747,235,0,00000000,0,0,1,0,00720051,f,0,1,0,"_","_","_","_"
748,236,0,00000000,0,0,1,0,00720051,f,0,1,0,"_","_","_","_"
749,237,0,00000000,0,0,1,0,00720051,f,0,1,0,"_","_","_","_"
750,238,0,00000000,0,0,1,0,00720051,f,0,1,0,"_","_","_","_"
751,239,0,00000000,0,0,1,0,00720051,f,0,1,0,"_","_","_","_"
752,240,0,00000000,0,0,1,0,00720051,f,0,1,0,"_","_","_","_"
753,241,0,00000000,0,0,1,0,00720051,f,0,1,0,"_","_","_","_"
754,242,0,00000000,0,0,1,0,00720051,f,0,1,0,"_","_","_","_"
755,243,0,00000000,0,0,1,0,00720051,f,0,1,0,"_","_","_","_"
756,244,0,00000000,0,0,1,0,00720051,f,0,1,0,"_","_","_","_"
757,245,0,00000000,0,0,1,0,00720051,f,0,1,0,"_","_","_","_"
758,246,0,00000000,0,0,1,0,00720051,f,0,1,0,"_","_","_","_"
759,247,0,00000000,0,0,1,0,00720051,f,0,1,0,"_","_","_","_"
760,248,0,00000000,0,0,1,0,00720051,f,0,1,0,"_","_","_","_"
761,249,0,00000000,0,0,1,0,00720051,f,0,1,0,"_","_","_","_"
762,250,0,00000000,0,0,1,0,00720051,f,0,1,0,"_","_","_","_"
763,251,0,00000000,0,0,1,0,00720051,f,0,1,0,"_","_","_","_"
764,252,0,00000000,0,0,1,0,00720051,f,0,1,0,"_","_","_","_"
765,253,0,00000000,0,0,1,0,00720051,f,0,1,0,"_","_","_","_"
766,254,0,00000000,0,0,1,0,00720051,f,0,1,0,"_","_","_","_"
767,255,0,00000000,0,0,1,0,00720051,f,0,1,0,"_","_","_","_"
